0.00000E+00,2.48400E-02,2.74290E+02,1.05263E+00
1.00000E-01,2.48400E-02,2.74177E+02,1.05109E+00
2.00000E-01,2.48400E-02,2.73834E+02,1.04646E+00
3.00000E-01,2.48400E-02,2.73948E+02,1.04800E+00
4.00000E-01,2.48400E-02,2.74063E+02,1.04955E+00
5.00000E-01,2.48400E-02,2.74063E+02,1.04955E+00
6.00000E-01,2.48400E-02,2.74063E+02,1.04955E+00
7.00000E-01,2.48400E-02,2.73948E+02,1.04800E+00
8.00000E-01,2.48400E-02,2.73834E+02,1.04646E+00
9.00000E-01,2.48400E-02,2.73948E+02,1.04800E+00
1.00000E+00,2.48400E-02,2.73948E+02,1.04800E+00
1.10000E+00,2.48400E-02,2.74063E+02,1.04955E+00
1.20000E+00,2.48400E-02,2.74290E+02,1.05263E+00
1.30000E+00,2.48400E-02,2.74290E+02,1.05263E+00
1.40000E+00,2.48400E-02,2.74290E+02,1.05263E+00
1.50000E+00,2.48400E-02,2.74177E+02,1.05109E+00
1.60000E+00,2.48400E-02,2.73834E+02,1.04646E+00
1.70000E+00,2.48400E-02,2.73720E+02,1.04492E+00
1.80000E+00,2.48400E-02,2.73605E+02,1.04337E+00
1.90000E+00,2.48400E-02,2.73834E+02,1.04646E+00
2.00000E+00,2.48400E-02,2.73948E+02,1.04800E+00
2.10000E+00,2.48400E-02,2.74063E+02,1.04955E+00
2.20000E+00,2.48400E-02,2.74063E+02,1.04955E+00
2.30000E+00,2.48400E-02,2.73834E+02,1.04646E+00
2.40000E+00,2.48400E-02,2.73834E+02,1.04646E+00
2.50000E+00,2.48400E-02,2.73605E+02,1.04337E+00
2.60000E+00,2.48400E-02,2.73605E+02,1.04337E+00
2.70000E+00,2.48400E-02,2.73720E+02,1.04492E+00
2.80000E+00,2.48400E-02,2.73834E+02,1.04646E+00
2.90000E+00,2.48400E-02,2.73948E+02,1.04800E+00
3.00000E+00,2.48400E-02,2.74063E+02,1.04955E+00
3.10000E+00,2.48400E-02,2.73834E+02,1.04646E+00
3.20000E+00,2.48400E-02,2.73605E+02,1.04337E+00
3.30000E+00,2.48400E-02,2.73490E+02,1.04183E+00
3.40000E+00,2.48400E-02,2.73490E+02,1.04183E+00
3.50000E+00,2.48400E-02,2.73605E+02,1.04337E+00
3.60000E+00,2.48400E-02,2.73834E+02,1.04646E+00
3.70000E+00,2.48400E-02,2.73948E+02,1.04800E+00
3.80000E+00,2.48400E-02,2.73948E+02,1.04800E+00
3.90000E+00,2.48400E-02,2.73834E+02,1.04646E+00
4.00000E+00,2.48400E-02,2.73605E+02,1.04337E+00
4.10000E+00,2.48400E-02,2.73491E+02,1.04183E+00
4.20000E+00,2.48400E-02,2.73491E+02,1.04183E+00
4.30000E+00,2.48400E-02,2.73491E+02,1.04183E+00
4.40000E+00,2.48400E-02,2.73605E+02,1.04337E+00
4.50000E+00,2.48400E-02,2.73834E+02,1.04646E+00
4.60000E+00,2.48400E-02,2.73948E+02,1.04801E+00
4.70000E+00,2.48400E-02,2.73834E+02,1.04647E+00
4.80000E+00,2.48400E-02,2.73720E+02,1.04493E+00
4.90000E+00,2.48400E-02,2.73605E+02,1.04338E+00
5.00000E+00,2.48400E-02,2.73491E+02,1.04184E+00
5.10000E+00,2.48400E-02,2.73605E+02,1.04338E+00
5.20000E+00,2.48400E-02,2.73605E+02,1.04338E+00
5.30000E+00,2.48400E-02,2.73835E+02,1.04647E+00
5.40000E+00,2.48400E-02,2.73835E+02,1.04647E+00
5.50000E+00,2.48400E-02,2.73835E+02,1.04647E+00
5.60000E+00,2.48400E-02,2.73835E+02,1.04647E+00
5.70000E+00,2.48400E-02,2.73606E+02,1.04338E+00
5.80000E+00,2.48400E-02,2.73606E+02,1.04338E+00
5.90000E+00,2.48400E-02,2.73606E+02,1.04338E+00
6.00000E+00,2.48400E-02,2.73835E+02,1.04647E+00
6.10000E+00,2.48400E-02,2.73835E+02,1.04647E+00
6.20000E+00,2.48400E-02,2.73949E+02,1.04801E+00
6.30000E+00,2.48400E-02,2.73835E+02,1.04647E+00
6.40000E+00,2.48400E-02,2.73835E+02,1.04647E+00
6.50000E+00,2.48400E-02,2.73721E+02,1.04493E+00
6.60000E+00,2.48400E-02,2.73606E+02,1.04338E+00
6.70000E+00,2.48400E-02,2.73606E+02,1.04338E+00
6.80000E+00,2.48400E-02,2.73721E+02,1.04493E+00
6.90000E+00,2.48400E-02,2.73721E+02,1.04493E+00
7.00000E+00,2.48400E-02,2.73721E+02,1.04493E+00
7.10000E+00,2.48400E-02,2.73721E+02,1.04494E+00
7.20000E+00,2.48400E-02,2.73606E+02,1.04338E+00
7.30000E+00,2.48400E-02,2.73491E+02,1.04184E+00
7.40000E+00,2.48400E-02,2.73606E+02,1.04338E+00
7.50000E+00,2.48400E-02,2.73721E+02,1.04493E+00
7.60000E+00,2.48400E-02,2.73835E+02,1.04647E+00
7.70000E+00,2.48400E-02,2.73949E+02,1.04801E+00
7.80000E+00,2.48400E-02,2.73949E+02,1.04801E+00
7.90000E+00,2.48400E-02,2.73835E+02,1.04647E+00
8.00000E+00,2.48400E-02,2.73835E+02,1.04647E+00
8.10000E+00,2.48400E-02,2.73721E+02,1.04493E+00
8.20000E+00,2.48400E-02,2.73721E+02,1.04493E+00
8.30000E+00,2.48400E-02,2.73835E+02,1.04647E+00
8.40000E+00,2.48400E-02,2.73835E+02,1.04647E+00
8.50000E+00,2.48400E-02,2.73835E+02,1.04647E+00
8.60000E+00,2.48400E-02,2.73949E+02,1.04801E+00
8.70000E+00,2.48400E-02,2.74064E+02,1.04956E+00
8.80000E+00,2.48400E-02,2.73949E+02,1.04801E+00
8.90000E+00,2.48400E-02,2.73949E+02,1.04801E+00
9.00000E+00,2.48400E-02,2.73949E+02,1.04801E+00
9.10000E+00,2.48400E-02,2.73949E+02,1.04801E+00
9.20000E+00,2.48400E-02,2.74064E+02,1.04956E+00
9.30000E+00,2.48400E-02,2.74177E+02,1.05110E+00
9.40000E+00,2.48400E-02,2.74177E+02,1.05110E+00
9.50000E+00,2.48400E-02,2.74177E+02,1.05110E+00
9.60000E+00,2.48400E-02,2.74177E+02,1.05110E+00
9.70000E+00,2.48400E-02,2.74177E+02,1.05110E+00
9.80000E+00,2.48400E-02,2.74291E+02,1.05264E+00
9.90000E+00,2.48400E-02,2.74291E+02,1.05264E+00
1.00000E+01,2.48400E-02,2.74291E+02,1.05264E+00
1.01000E+01,2.48400E-02,2.74291E+02,1.05264E+00
1.02000E+01,2.48400E-02,2.74291E+02,1.05264E+00
1.03000E+01,2.48400E-02,2.74291E+02,1.05264E+00
1.04000E+01,2.48400E-02,2.74177E+02,1.05110E+00
1.05000E+01,2.48400E-02,2.74291E+02,1.05264E+00
1.06000E+01,2.48400E-02,2.74291E+02,1.05264E+00
1.07000E+01,2.48400E-02,2.74291E+02,1.05264E+00
1.08000E+01,2.48400E-02,2.74178E+02,1.05110E+00
1.09000E+01,2.48400E-02,2.74064E+02,1.04956E+00
1.10000E+01,2.48400E-02,2.74064E+02,1.04956E+00
1.11000E+01,2.48400E-02,2.74064E+02,1.04956E+00
1.12000E+01,2.48400E-02,2.74291E+02,1.05264E+00
1.13000E+01,2.48400E-02,2.74406E+02,1.05419E+00
1.14000E+01,2.48400E-02,2.74291E+02,1.05264E+00
1.15000E+01,2.48400E-02,2.74291E+02,1.05264E+00
1.16000E+01,2.48400E-02,2.74292E+02,1.05265E+00
1.17000E+01,2.48400E-02,2.74292E+02,1.05265E+00
1.18000E+01,2.48400E-02,2.74292E+02,1.05265E+00
1.19000E+01,2.48400E-02,2.74406E+02,1.05420E+00
1.20000E+01,2.48400E-02,2.74406E+02,1.05420E+00
1.21000E+01,2.48400E-02,2.74520E+02,1.05574E+00
1.22000E+01,2.48400E-02,2.74406E+02,1.05420E+00
1.23000E+01,2.48400E-02,2.74406E+02,1.05420E+00
1.24000E+01,2.48400E-02,2.74292E+02,1.05265E+00
1.25000E+01,2.48400E-02,2.74292E+02,1.05265E+00
1.26000E+01,2.48400E-02,2.74292E+02,1.05265E+00
1.27000E+01,2.48400E-02,2.74406E+02,1.05420E+00
1.28000E+01,2.48400E-02,2.74520E+02,1.05574E+00
1.29000E+01,2.48400E-02,2.74633E+02,1.05728E+00
1.30000E+01,2.48400E-02,2.74633E+02,1.05728E+00
1.31000E+01,2.48400E-02,2.74633E+02,1.05728E+00
1.32000E+01,2.48400E-02,2.74633E+02,1.05728E+00
1.33000E+01,2.48400E-02,2.74520E+02,1.05574E+00
1.34000E+01,2.48400E-02,2.74520E+02,1.05574E+00
1.35000E+01,2.48400E-02,2.74520E+02,1.05574E+00
1.36000E+01,2.48400E-02,2.74520E+02,1.05574E+00
1.37000E+01,2.48400E-02,2.74633E+02,1.05728E+00
1.38000E+01,2.48400E-02,2.74747E+02,1.05883E+00
1.39000E+01,2.48400E-02,2.74860E+02,1.06037E+00
1.40000E+01,2.48400E-02,2.74747E+02,1.05883E+00
1.41000E+01,2.48400E-02,2.74747E+02,1.05883E+00
1.42000E+01,2.48400E-02,2.74860E+02,1.06037E+00
1.43000E+01,2.48400E-02,2.74747E+02,1.05883E+00
1.44000E+01,2.48400E-02,2.74747E+02,1.05883E+00
1.45000E+01,2.48400E-02,2.74747E+02,1.05883E+00
1.46000E+01,2.48400E-02,2.74747E+02,1.05883E+00
1.47000E+01,2.48400E-02,2.74747E+02,1.05883E+00
1.48000E+01,2.48400E-02,2.74747E+02,1.05882E+00
1.49000E+01,2.48400E-02,2.74633E+02,1.05727E+00
1.50000E+01,2.48400E-02,2.74633E+02,1.05727E+00
1.51000E+01,2.48400E-02,2.74746E+02,1.05882E+00
1.52000E+01,2.48400E-02,2.74746E+02,1.05882E+00
1.53000E+01,2.48400E-02,2.74746E+02,1.05882E+00
1.54000E+01,2.48400E-02,2.74746E+02,1.05882E+00
1.55000E+01,2.48400E-02,2.74746E+02,1.05882E+00
1.56000E+01,2.48400E-02,2.74746E+02,1.05882E+00
1.57000E+01,2.48400E-02,2.74746E+02,1.05882E+00
1.58000E+01,2.48400E-02,2.74746E+02,1.05882E+00
1.59000E+01,2.48400E-02,2.74746E+02,1.05882E+00
1.60000E+01,2.48400E-02,2.74746E+02,1.05882E+00
1.61000E+01,2.48400E-02,2.74859E+02,1.06036E+00
1.62000E+01,2.48400E-02,2.74746E+02,1.05882E+00
1.63000E+01,2.48400E-02,2.74746E+02,1.05881E+00
1.64000E+01,2.48400E-02,2.74746E+02,1.05881E+00
1.65000E+01,2.48400E-02,2.74859E+02,1.06035E+00
1.66000E+01,2.48400E-02,2.74972E+02,1.06189E+00
1.67000E+01,2.48400E-02,2.75086E+02,1.06344E+00
1.68000E+01,2.48400E-02,2.75198E+02,1.06498E+00
1.69000E+01,2.48400E-02,2.75086E+02,1.06344E+00
1.70000E+01,2.48400E-02,2.74972E+02,1.06189E+00
1.71000E+01,2.48400E-02,2.74972E+02,1.06189E+00
1.72000E+01,2.48400E-02,2.74972E+02,1.06189E+00
1.73000E+01,2.48400E-02,2.74972E+02,1.06189E+00
1.74000E+01,2.48400E-02,2.75085E+02,1.06344E+00
1.75000E+01,2.48400E-02,2.75085E+02,1.06344E+00
1.76000E+01,2.48400E-02,2.75198E+02,1.06498E+00
1.77000E+01,2.48400E-02,2.75085E+02,1.06344E+00
1.78000E+01,2.48400E-02,2.74972E+02,1.06189E+00
1.79000E+01,2.48400E-02,2.74859E+02,1.06035E+00
1.80000E+01,2.48400E-02,2.74746E+02,1.05881E+00
1.81000E+01,2.48400E-02,2.74972E+02,1.06189E+00
1.82000E+01,2.48400E-02,2.74972E+02,1.06189E+00
1.83000E+01,2.48400E-02,2.75085E+02,1.06344E+00
1.84000E+01,2.48400E-02,2.75198E+02,1.06498E+00
1.85000E+01,2.48400E-02,2.75085E+02,1.06344E+00
1.86000E+01,2.48400E-02,2.75085E+02,1.06344E+00
1.87000E+01,2.48400E-02,2.74972E+02,1.06189E+00
1.88000E+01,2.48400E-02,2.74746E+02,1.05881E+00
1.89000E+01,2.48400E-02,2.74746E+02,1.05881E+00
1.90000E+01,2.48400E-02,2.74746E+02,1.05881E+00
1.91000E+01,2.48400E-02,2.74746E+02,1.05881E+00
1.92000E+01,2.48400E-02,2.74859E+02,1.06035E+00
1.93000E+01,2.48400E-02,2.74859E+02,1.06035E+00
1.94000E+01,2.48400E-02,2.74972E+02,1.06189E+00
1.95000E+01,2.48400E-02,2.74746E+02,1.05881E+00
1.96000E+01,2.48400E-02,2.74746E+02,1.05881E+00
1.97000E+01,2.48400E-02,2.74632E+02,1.05726E+00
1.98000E+01,2.48400E-02,2.74518E+02,1.05572E+00
1.99000E+01,2.48400E-02,2.74632E+02,1.05726E+00
2.00000E+01,2.48400E-02,2.74746E+02,1.05881E+00
2.01000E+01,2.48400E-02,2.74746E+02,1.05881E+00
2.02000E+01,2.48400E-02,2.74859E+02,1.06035E+00
2.03000E+01,2.48400E-02,2.74746E+02,1.05881E+00
2.04000E+01,2.48400E-02,2.74632E+02,1.05726E+00
2.05000E+01,2.48400E-02,2.74632E+02,1.05726E+00
2.06000E+01,2.48400E-02,2.74746E+02,1.05881E+00
2.07000E+01,2.48400E-02,2.74859E+02,1.06035E+00
2.08000E+01,2.48400E-02,2.74859E+02,1.06035E+00
2.09000E+01,2.48400E-02,2.74859E+02,1.06035E+00
2.10000E+01,2.48400E-02,2.74746E+02,1.05881E+00
2.11000E+01,2.48400E-02,2.74518E+02,1.05572E+00
2.12000E+01,2.48400E-02,2.74632E+02,1.05726E+00
2.13000E+01,2.48400E-02,2.74632E+02,1.05726E+00
2.14000E+01,2.48400E-02,2.74518E+02,1.05572E+00
2.15000E+01,2.48400E-02,2.74518E+02,1.05572E+00
2.16000E+01,2.48400E-02,2.74518E+02,1.05572E+00
2.17000E+01,2.48400E-02,2.74632E+02,1.05726E+00
2.18000E+01,2.48400E-02,2.74632E+02,1.05726E+00
2.19000E+01,2.48400E-02,2.74519E+02,1.05572E+00
2.20000E+01,2.48400E-02,2.74519E+02,1.05572E+00
2.21000E+01,2.48400E-02,2.74746E+02,1.05882E+00
2.22000E+01,2.48400E-02,2.74859E+02,1.06036E+00
2.23000E+01,2.48400E-02,2.74972E+02,1.06190E+00
2.24000E+01,2.48400E-02,2.74972E+02,1.06190E+00
2.25000E+01,2.48400E-02,2.74859E+02,1.06036E+00
2.26000E+01,2.48400E-02,2.74859E+02,1.06036E+00
2.27000E+01,2.48400E-02,2.74972E+02,1.06190E+00
2.28000E+01,2.48400E-02,2.75086E+02,1.06345E+00
2.29000E+01,2.48400E-02,2.75199E+02,1.06499E+00
2.30000E+01,2.48400E-02,2.75199E+02,1.06499E+00
2.31000E+01,2.48400E-02,2.75199E+02,1.06499E+00
2.32000E+01,2.48400E-02,2.75312E+02,1.06653E+00
2.33000E+01,2.48400E-02,2.75425E+02,1.06809E+00
2.34000E+01,2.48400E-02,2.75425E+02,1.06809E+00
2.35000E+01,2.48400E-02,2.75538E+02,1.06963E+00
2.36000E+01,2.48400E-02,2.75538E+02,1.06963E+00
2.37000E+01,2.48400E-02,2.75650E+02,1.07117E+00
2.38000E+01,2.48400E-02,2.75764E+02,1.07272E+00
2.39000E+01,2.48400E-02,2.75876E+02,1.07427E+00
2.40000E+01,2.48400E-02,2.75876E+02,1.07427E+00
2.41000E+01,2.48400E-02,2.75876E+02,1.07427E+00
2.42000E+01,2.48400E-02,2.76101E+02,1.07736E+00
2.43000E+01,2.48400E-02,2.76213E+02,1.07891E+00
2.44000E+01,2.48400E-02,2.76101E+02,1.07737E+00
2.45000E+01,2.48400E-02,2.76213E+02,1.07891E+00
2.46000E+01,2.48400E-02,2.76213E+02,1.07892E+00
2.47000E+01,2.48400E-02,2.76325E+02,1.08046E+00
2.48000E+01,2.48400E-02,2.76549E+02,1.08355E+00
2.49000E+01,2.48400E-02,2.76661E+02,1.08510E+00
2.50000E+01,2.48400E-02,2.76773E+02,1.08665E+00
2.51000E+01,2.48400E-02,2.76773E+02,1.08666E+00
2.52000E+01,2.48400E-02,2.76662E+02,1.08511E+00
2.53000E+01,2.48400E-02,2.76774E+02,1.08666E+00
2.54000E+01,2.48400E-02,2.76885E+02,1.08821E+00
2.55000E+01,2.48400E-02,2.76886E+02,1.08821E+00
2.56000E+01,2.48400E-02,2.76997E+02,1.08976E+00
2.57000E+01,2.48400E-02,2.77220E+02,1.09286E+00
2.58000E+01,2.48400E-02,2.77220E+02,1.09286E+00
2.59000E+01,2.48400E-02,2.77331E+02,1.09441E+00
2.60000E+01,2.48400E-02,2.77664E+02,1.09905E+00
2.61000E+01,2.48400E-02,2.77664E+02,1.09905E+00
2.62000E+01,2.48400E-02,2.77885E+02,1.10215E+00
2.63000E+01,2.48400E-02,2.78107E+02,1.10525E+00
2.64000E+01,2.48400E-02,2.78217E+02,1.10680E+00
2.65000E+01,2.48400E-02,2.78217E+02,1.10681E+00
2.66000E+01,2.48400E-02,2.78547E+02,1.11145E+00
2.67000E+01,2.48400E-02,2.78876E+02,1.11609E+00
2.68000E+01,2.48400E-02,2.79422E+02,1.12382E+00
2.69000E+01,2.48400E-02,2.80073E+02,1.13309E+00
2.70000E+01,2.48400E-02,2.80505E+02,1.13928E+00
2.71000E+01,2.48400E-02,2.81150E+02,1.14855E+00
2.72000E+01,2.48400E-02,2.81686E+02,1.15629E+00
2.73000E+01,2.48400E-02,2.82006E+02,1.16093E+00
2.74000E+01,2.48400E-02,2.82431E+02,1.16712E+00
2.75000E+01,2.48400E-02,2.82749E+02,1.17177E+00
2.76000E+01,2.48400E-02,2.83277E+02,1.17952E+00
2.77000E+01,2.48400E-02,2.83698E+02,1.18571E+00
2.78000E+01,2.48400E-02,2.84118E+02,1.19192E+00
2.79000E+01,2.48400E-02,2.84639E+02,1.19966E+00
2.80000E+01,2.48400E-02,2.84952E+02,1.20433E+00
2.81000E+01,2.48400E-02,2.85368E+02,1.21054E+00
2.82000E+01,2.48400E-02,2.85988E+02,1.21985E+00
2.83000E+01,2.48400E-02,2.86400E+02,1.22606E+00
2.84000E+01,2.48400E-02,2.87116E+02,1.23692E+00
2.85000E+01,2.48400E-02,2.87727E+02,1.24623E+00
2.86000E+01,2.48400E-02,2.88134E+02,1.25247E+00
2.87000E+01,2.48400E-02,2.88740E+02,1.26180E+00
2.88000E+01,2.48400E-02,2.89344E+02,1.27114E+00
2.89000E+01,2.48400E-02,2.89944E+02,1.28048E+00
2.90000E+01,2.48400E-02,2.90444E+02,1.28828E+00
2.91000E+01,2.48400E-02,2.90844E+02,1.29455E+00
2.92000E+01,2.48400E-02,2.91536E+02,1.30546E+00
2.93000E+01,2.48400E-02,2.91932E+02,1.31174E+00
2.94000E+01,2.48400E-02,2.92522E+02,1.32112E+00
2.95000E+01,2.48400E-02,2.93110E+02,1.33052E+00
2.96000E+01,2.48400E-02,2.93504E+02,1.33684E+00
2.97000E+01,2.48400E-02,2.93800E+02,1.34161E+00
2.98000E+01,2.48400E-02,2.94097E+02,1.34640E+00
2.99000E+01,2.48400E-02,2.94583E+02,1.35428E+00
3.00000E+01,2.48400E-02,2.95259E+02,1.36528E+00
3.01000E+01,2.48400E-02,2.95648E+02,1.37164E+00
3.02000E+01,2.48400E-02,2.96131E+02,1.37957E+00
3.03000E+01,2.48400E-02,2.96706E+02,1.38905E+00
3.04000E+01,2.48400E-02,2.97279E+02,1.39854E+00
3.05000E+01,2.48400E-02,2.97572E+02,1.40341E+00
3.06000E+01,2.48400E-02,2.98050E+02,1.41138E+00
3.07000E+01,2.48400E-02,2.98986E+02,1.42710E+00
3.08000E+01,2.48400E-02,2.99551E+02,1.43665E+00
3.09000E+01,2.48400E-02,2.99750E+02,1.44001E+00
3.10000E+01,2.48400E-02,3.00404E+02,1.45113E+00
3.11000E+01,2.48400E-02,3.01325E+02,1.46691E+00
3.12000E+01,2.48400E-02,3.01793E+02,1.47496E+00
3.13000E+01,2.48400E-02,3.02169E+02,1.48147E+00
3.14000E+01,2.48400E-02,3.02991E+02,1.49574E+00
3.15000E+01,2.48400E-02,3.03100E+02,1.49763E+00
3.16000E+01,2.48400E-02,3.02941E+02,1.49487E+00
3.17000E+01,2.48400E-02,3.03848E+02,1.51073E+00
3.18000E+01,2.48400E-02,3.04924E+02,1.52970E+00
3.19000E+01,2.48400E-02,3.05383E+02,1.53784E+00
3.20000E+01,2.48400E-02,3.05840E+02,1.54598E+00
3.21000E+01,2.48400E-02,3.06901E+02,1.56500E+00
3.22000E+01,2.48400E-02,3.07439E+02,1.57472E+00
3.23000E+01,2.48400E-02,3.07633E+02,1.57822E+00
3.24000E+01,2.48400E-02,3.08511E+02,1.59417E+00
3.25000E+01,2.48400E-02,3.09213E+02,1.60703E+00
3.26000E+01,2.48400E-02,3.09490E+02,1.61211E+00
3.27000E+01,2.48400E-02,3.09767E+02,1.61720E+00
3.28000E+01,2.48400E-02,3.10379E+02,1.62852E+00
3.29000E+01,2.48400E-02,3.10988E+02,1.63983E+00
3.30000E+01,2.48400E-02,3.11179E+02,1.64338E+00
3.31000E+01,2.48400E-02,3.11202E+02,1.64381E+00
3.32000E+01,2.48400E-02,3.11807E+02,1.65513E+00
3.33000E+01,2.48400E-02,3.12493E+02,1.66802E+00
3.34000E+01,2.48400E-02,3.13175E+02,1.68091E+00
3.35000E+01,2.48400E-02,3.13771E+02,1.69223E+00
3.36000E+01,2.48400E-02,3.14528E+02,1.70667E+00
3.37000E+01,2.48400E-02,3.14793E+02,1.71176E+00
3.38000E+01,2.48400E-02,3.15138E+02,1.71840E+00
3.39000E+01,2.48400E-02,3.15564E+02,1.72660E+00
3.40000E+01,2.48400E-02,3.16148E+02,1.73791E+00
3.41000E+01,2.48400E-02,3.16329E+02,1.74142E+00
3.42000E+01,2.48400E-02,3.16509E+02,1.74493E+00
3.43000E+01,2.48400E-02,3.16848E+02,1.75154E+00
3.44000E+01,2.48400E-02,3.17346E+02,1.76128E+00
3.45000E+01,2.48400E-02,3.17683E+02,1.76789E+00
3.46000E+01,2.48400E-02,3.17781E+02,1.76981E+00
3.47000E+01,2.48400E-02,3.18037E+02,1.77485E+00
3.48000E+01,2.48400E-02,3.18529E+02,1.78457E+00
3.49000E+01,2.48400E-02,3.18862E+02,1.79116E+00
3.50000E+01,2.48400E-02,3.19194E+02,1.79775E+00
3.51000E+01,2.48400E-02,3.19759E+02,1.80901E+00
3.52000E+01,2.48400E-02,3.20010E+02,1.81402E+00
3.53000E+01,2.48400E-02,3.19947E+02,1.81277E+00
3.54000E+01,2.48400E-02,3.20431E+02,1.82246E+00
3.55000E+01,2.48400E-02,3.20834E+02,1.83058E+00
3.56000E+01,2.48400E-02,3.21081E+02,1.83556E+00
3.57000E+01,2.48400E-02,3.21095E+02,1.83585E+00
3.58000E+01,2.48400E-02,3.21496E+02,1.84395E+00
3.59000E+01,2.48400E-02,3.21741E+02,1.84890E+00
3.60000E+01,2.48400E-02,3.21830E+02,1.85071E+00
3.61000E+01,2.48400E-02,3.21995E+02,1.85407E+00
3.62000E+01,2.48400E-02,3.22313E+02,1.86054E+00
3.63000E+01,2.48400E-02,3.22706E+02,1.86857E+00
3.64000E+01,2.48400E-02,3.22868E+02,1.87187E+00
3.65000E+01,2.48400E-02,3.23027E+02,1.87514E+00
3.66000E+01,2.48400E-02,3.23263E+02,1.87996E+00
3.67000E+01,2.48400E-02,3.23344E+02,1.88163E+00
3.68000E+01,2.48400E-02,3.23347E+02,1.88170E+00
3.69000E+01,2.48400E-02,3.23578E+02,1.88644E+00
3.70000E+01,2.48400E-02,3.23730E+02,1.88958E+00
3.71000E+01,2.48400E-02,3.23881E+02,1.89270E+00
3.72000E+01,2.48400E-02,3.23879E+02,1.89265E+00
3.73000E+01,2.48400E-02,3.24027E+02,1.89570E+00
3.74000E+01,2.48400E-02,3.24173E+02,1.89872E+00
3.75000E+01,2.48400E-02,3.24469E+02,1.90486E+00
3.76000E+01,2.48400E-02,3.24763E+02,1.91095E+00
3.77000E+01,2.48400E-02,3.24904E+02,1.91388E+00
3.78000E+01,2.48400E-02,3.24817E+02,1.91208E+00
3.79000E+01,2.48400E-02,3.24730E+02,1.91026E+00
3.80000E+01,2.48400E-02,3.24867E+02,1.91311E+00
3.81000E+01,2.48400E-02,3.24852E+02,1.91280E+00
3.82000E+01,2.48400E-02,3.24911E+02,1.91402E+00
3.83000E+01,2.48400E-02,3.25044E+02,1.91679E+00
3.84000E+01,2.48400E-02,3.24950E+02,1.91483E+00
3.85000E+01,2.48400E-02,3.25005E+02,1.91599E+00
3.86000E+01,2.48400E-02,3.25060E+02,1.91713E+00
3.87000E+01,2.48400E-02,3.25038E+02,1.91668E+00
3.88000E+01,2.48400E-02,3.24941E+02,1.91465E+00
3.89000E+01,2.48400E-02,3.25143E+02,1.91886E+00
3.90000E+01,2.48400E-02,3.25269E+02,1.92149E+00
3.91000E+01,2.48400E-02,3.25320E+02,1.92256E+00
3.92000E+01,2.48400E-02,3.25371E+02,1.92361E+00
3.93000E+01,2.48400E-02,3.25271E+02,1.92154E+00
3.94000E+01,2.48400E-02,3.25396E+02,1.92413E+00
3.95000E+01,2.48400E-02,3.25446E+02,1.92518E+00
3.96000E+01,2.48400E-02,3.25271E+02,1.92153E+00
3.97000E+01,2.48400E-02,3.25246E+02,1.92101E+00
3.98000E+01,2.48400E-02,3.25370E+02,1.92360E+00
3.99000E+01,2.48400E-02,3.25494E+02,1.92618E+00
4.00000E+01,2.48400E-02,3.25469E+02,1.92565E+00
4.01000E+01,2.48400E-02,3.25592E+02,1.92824E+00
4.02000E+01,2.48400E-02,3.25493E+02,1.92616E+00
4.03000E+01,2.48400E-02,3.25393E+02,1.92407E+00
4.04000E+01,2.48400E-02,3.25220E+02,1.92045E+00
4.05000E+01,2.48400E-02,3.25419E+02,1.92462E+00
4.06000E+01,2.48400E-02,3.25470E+02,1.92567E+00
4.07000E+01,2.48400E-02,3.25447E+02,1.92519E+00
4.08000E+01,2.48400E-02,3.25424E+02,1.92472E+00
4.09000E+01,2.48400E-02,3.25253E+02,1.92115E+00
4.10000E+01,2.48400E-02,3.25232E+02,1.92071E+00
4.11000E+01,2.48400E-02,3.25063E+02,1.91719E+00
4.12000E+01,2.48400E-02,3.25043E+02,1.91678E+00
4.13000E+01,2.48400E-02,3.25024E+02,1.91638E+00
4.14000E+01,2.48400E-02,3.25154E+02,1.91909E+00
4.15000E+01,2.48400E-02,3.25136E+02,1.91872E+00
4.16000E+01,2.48400E-02,3.25119E+02,1.91836E+00
4.17000E+01,2.48400E-02,3.24953E+02,1.91491E+00
4.18000E+01,2.48400E-02,3.24788E+02,1.91147E+00
4.19000E+01,2.48400E-02,3.24698E+02,1.90960E+00
4.20000E+01,2.48400E-02,3.24608E+02,1.90773E+00
4.21000E+01,2.48400E-02,3.24668E+02,1.90898E+00
4.22000E+01,2.48400E-02,3.24728E+02,1.91023E+00
4.23000E+01,2.48400E-02,3.24640E+02,1.90840E+00
4.24000E+01,2.48400E-02,3.24403E+02,1.90348E+00
4.25000E+01,2.48400E-02,3.24165E+02,1.89856E+00
4.26000E+01,2.48400E-02,3.23928E+02,1.89365E+00
4.27000E+01,2.48400E-02,3.23765E+02,1.89030E+00
4.28000E+01,2.48400E-02,3.23903E+02,1.89316E+00
4.29000E+01,2.48400E-02,3.23816E+02,1.89136E+00
4.30000E+01,2.48400E-02,3.23730E+02,1.88958E+00
4.31000E+01,2.48400E-02,3.23644E+02,1.88781E+00
4.32000E+01,2.48400E-02,3.23332E+02,1.88139E+00
4.33000E+01,2.48400E-02,3.23095E+02,1.87652E+00
4.34000E+01,2.48400E-02,3.22934E+02,1.87322E+00
4.35000E+01,2.48400E-02,3.22924E+02,1.87301E+00
4.36000E+01,2.48400E-02,3.22762E+02,1.86971E+00
4.37000E+01,2.48400E-02,3.22677E+02,1.86797E+00
4.38000E+01,2.48400E-02,3.22516E+02,1.86468E+00
4.39000E+01,2.48400E-02,3.22279E+02,1.85985E+00
4.40000E+01,2.48400E-02,3.21966E+02,1.85349E+00
4.41000E+01,2.48400E-02,3.21805E+02,1.85021E+00
4.42000E+01,2.48400E-02,3.21644E+02,1.84695E+00
4.43000E+01,2.48400E-02,3.21484E+02,1.84370E+00
4.44000E+01,2.48400E-02,3.21324E+02,1.84046E+00
4.45000E+01,2.48400E-02,3.21010E+02,1.83413E+00
4.46000E+01,2.48400E-02,3.20773E+02,1.82936E+00
4.47000E+01,2.48400E-02,3.20459E+02,1.82304E+00
4.48000E+01,2.48400E-02,3.20222E+02,1.81829E+00
4.49000E+01,2.48400E-02,3.19908E+02,1.81200E+00
4.50000E+01,2.48400E-02,3.19749E+02,1.80881E+00
4.51000E+01,2.48400E-02,3.19590E+02,1.80563E+00
4.52000E+01,2.48400E-02,3.19430E+02,1.80246E+00
4.53000E+01,2.48400E-02,3.19194E+02,1.79775E+00
4.54000E+01,2.48400E-02,3.18957E+02,1.79305E+00
4.55000E+01,2.48400E-02,3.18486E+02,1.78371E+00
4.56000E+01,2.48400E-02,3.18170E+02,1.77748E+00
4.57000E+01,2.48400E-02,3.17932E+02,1.77279E+00
4.58000E+01,2.48400E-02,3.17695E+02,1.76812E+00
4.59000E+01,2.48400E-02,3.17536E+02,1.76500E+00
4.60000E+01,2.48400E-02,3.17219E+02,1.75878E+00
4.61000E+01,2.48400E-02,3.16980E+02,1.75412E+00
4.62000E+01,2.48400E-02,3.16742E+02,1.74947E+00
4.63000E+01,2.48400E-02,3.16583E+02,1.74637E+00
4.64000E+01,2.48400E-02,3.16344E+02,1.74172E+00
4.65000E+01,2.48400E-02,3.16105E+02,1.73708E+00
4.66000E+01,2.48400E-02,3.15945E+02,1.73398E+00
4.67000E+01,2.48400E-02,3.15785E+02,1.73089E+00
4.68000E+01,2.48400E-02,3.15546E+02,1.72626E+00
4.69000E+01,2.48400E-02,3.15467E+02,1.72473E+00
4.70000E+01,2.48400E-02,3.15227E+02,1.72011E+00
4.71000E+01,2.48400E-02,3.14987E+02,1.71549E+00
4.72000E+01,2.48400E-02,3.14747E+02,1.71087E+00
4.73000E+01,2.48400E-02,3.14587E+02,1.70780E+00
4.74000E+01,2.48400E-02,3.14346E+02,1.70319E+00
4.75000E+01,2.48400E-02,3.14024E+02,1.69705E+00
4.76000E+01,2.48400E-02,3.14026E+02,1.69708E+00
4.77000E+01,2.48400E-02,3.13865E+02,1.69402E+00
4.78000E+01,2.48400E-02,3.13706E+02,1.69098E+00
4.79000E+01,2.48400E-02,3.13545E+02,1.68793E+00
4.80000E+01,2.48400E-02,3.13222E+02,1.68179E+00
4.81000E+01,2.48400E-02,3.13061E+02,1.67874E+00
4.82000E+01,2.48400E-02,3.12818E+02,1.67416E+00
4.83000E+01,2.48400E-02,3.12740E+02,1.67267E+00
4.84000E+01,2.48400E-02,3.12578E+02,1.66962E+00
4.85000E+01,2.48400E-02,3.12335E+02,1.66504E+00
4.86000E+01,2.48400E-02,3.12174E+02,1.66200E+00
4.87000E+01,2.48400E-02,3.11930E+02,1.65743E+00
4.88000E+01,2.48400E-02,3.11603E+02,1.65130E+00
4.89000E+01,2.48400E-02,3.11441E+02,1.64827E+00
4.90000E+01,2.48400E-02,3.11196E+02,1.64370E+00
4.91000E+01,2.48400E-02,3.10950E+02,1.63912E+00
4.92000E+01,2.48400E-02,3.10704E+02,1.63455E+00
4.93000E+01,2.48400E-02,3.10458E+02,1.62998E+00
4.94000E+01,2.48400E-02,3.10127E+02,1.62386E+00
4.95000E+01,2.48400E-02,3.09880E+02,1.61929E+00
4.96000E+01,2.48400E-02,3.09715E+02,1.61626E+00
4.97000E+01,2.48400E-02,3.09467E+02,1.61169E+00
4.98000E+01,2.48400E-02,3.09134E+02,1.60557E+00
4.99000E+01,2.48400E-02,3.08799E+02,1.59945E+00
5.00000E+01,2.48400E-02,3.08633E+02,1.59641E+00
5.01000E+01,2.48400E-02,3.08467E+02,1.59338E+00
5.02000E+01,2.48400E-02,3.08215E+02,1.58879E+00
5.03000E+01,2.48400E-02,3.07963E+02,1.58421E+00
5.04000E+01,2.48400E-02,3.07710E+02,1.57962E+00
5.05000E+01,2.48400E-02,3.07457E+02,1.57503E+00
5.06000E+01,2.48400E-02,3.07288E+02,1.57198E+00
5.07000E+01,2.48400E-02,3.07119E+02,1.56893E+00
5.08000E+01,2.48400E-02,3.06864E+02,1.56433E+00
5.09000E+01,2.48400E-02,3.06693E+02,1.56127E+00
5.10000E+01,2.48400E-02,3.06436E+02,1.55665E+00
5.11000E+01,2.48400E-02,3.06265E+02,1.55358E+00
5.12000E+01,2.48400E-02,3.06094E+02,1.55051E+00
5.13000E+01,2.48400E-02,3.05921E+02,1.54743E+00
5.14000E+01,2.48400E-02,3.05748E+02,1.54435E+00
5.15000E+01,2.48400E-02,3.05488E+02,1.53971E+00
5.16000E+01,2.48400E-02,3.05401E+02,1.53817E+00
5.17000E+01,2.48400E-02,3.05140E+02,1.53353E+00
5.18000E+01,2.48400E-02,3.04965E+02,1.53042E+00
5.19000E+01,2.48400E-02,3.04790E+02,1.52732E+00
5.20000E+01,2.48400E-02,3.04526E+02,1.52266E+00
5.21000E+01,2.48400E-02,3.04437E+02,1.52109E+00
5.22000E+01,2.48400E-02,3.04172E+02,1.51642E+00
5.23000E+01,2.48400E-02,3.03906E+02,1.51174E+00
5.24000E+01,2.48400E-02,3.03728E+02,1.50862E+00
5.25000E+01,2.48400E-02,3.03460E+02,1.50393E+00
5.26000E+01,2.48400E-02,3.03369E+02,1.50233E+00
5.27000E+01,2.48400E-02,3.03100E+02,1.49764E+00
5.28000E+01,2.48400E-02,3.02920E+02,1.49450E+00
5.29000E+01,2.48400E-02,3.02738E+02,1.49134E+00
5.30000E+01,2.48400E-02,3.02467E+02,1.48663E+00
5.31000E+01,2.48400E-02,3.02374E+02,1.48502E+00
5.32000E+01,2.48400E-02,3.02102E+02,1.48031E+00
5.33000E+01,2.48400E-02,3.01829E+02,1.47559E+00
5.34000E+01,2.48400E-02,3.01556E+02,1.47088E+00
5.35000E+01,2.48400E-02,3.01282E+02,1.46616E+00
5.36000E+01,2.48400E-02,3.01097E+02,1.46298E+00
5.37000E+01,2.48400E-02,3.00911E+02,1.45981E+00
5.38000E+01,2.48400E-02,3.00635E+02,1.45509E+00
5.39000E+01,2.48400E-02,3.00359E+02,1.45037E+00
5.40000E+01,2.48400E-02,3.00173E+02,1.44720E+00
5.41000E+01,2.48400E-02,2.99895E+02,1.44248E+00
5.42000E+01,2.48400E-02,2.99708E+02,1.43931E+00
5.43000E+01,2.48400E-02,2.99521E+02,1.43613E+00
5.44000E+01,2.48400E-02,2.99242E+02,1.43142E+00
5.45000E+01,2.48400E-02,2.98963E+02,1.42671E+00
5.46000E+01,2.48400E-02,2.98867E+02,1.42509E+00
5.47000E+01,2.48400E-02,2.98679E+02,1.42193E+00
5.48000E+01,2.48400E-02,2.98491E+02,1.41877E+00
5.49000E+01,2.48400E-02,2.98487E+02,1.41871E+00
5.50000E+01,2.48400E-02,2.98114E+02,1.41246E+00
5.51000E+01,2.48400E-02,2.98110E+02,1.41240E+00
5.52000E+01,2.48400E-02,2.97922E+02,1.40926E+00
5.53000E+01,2.48400E-02,2.97641E+02,1.40457E+00
5.54000E+01,2.48400E-02,2.97360E+02,1.39988E+00
5.55000E+01,2.48400E-02,2.97171E+02,1.39674E+00
5.56000E+01,2.48400E-02,2.97075E+02,1.39516E+00
5.57000E+01,2.48400E-02,2.96886E+02,1.39202E+00
5.58000E+01,2.48400E-02,2.96790E+02,1.39044E+00
5.59000E+01,2.48400E-02,2.96694E+02,1.38886E+00
5.60000E+01,2.48400E-02,2.96412E+02,1.38419E+00
5.61000E+01,2.48400E-02,2.96316E+02,1.38262E+00
5.62000E+01,2.48400E-02,2.96127E+02,1.37950E+00
5.63000E+01,2.48400E-02,2.96031E+02,1.37793E+00
5.64000E+01,2.48400E-02,2.95842E+02,1.37482E+00
5.65000E+01,2.48400E-02,2.95558E+02,1.37016E+00
5.66000E+01,2.48400E-02,2.95462E+02,1.36860E+00
5.67000E+01,2.48400E-02,2.95272E+02,1.36549E+00
5.68000E+01,2.48400E-02,2.95082E+02,1.36239E+00
5.69000E+01,2.48400E-02,2.94892E+02,1.35929E+00
5.70000E+01,2.48400E-02,2.94701E+02,1.35619E+00
5.71000E+01,2.48400E-02,2.94510E+02,1.35309E+00
5.72000E+01,2.48400E-02,2.94414E+02,1.35154E+00
5.73000E+01,2.48400E-02,2.94223E+02,1.34844E+00
5.74000E+01,2.48400E-02,2.94032E+02,1.34536E+00
5.75000E+01,2.48400E-02,2.93745E+02,1.34072E+00
5.76000E+01,2.48400E-02,2.93648E+02,1.33917E+00
5.77000E+01,2.48400E-02,2.93457E+02,1.33608E+00
5.78000E+01,2.48400E-02,2.93168E+02,1.33145E+00
5.79000E+01,2.48400E-02,2.92975E+02,1.32836E+00
5.80000E+01,2.48400E-02,2.92782E+02,1.32527E+00
5.81000E+01,2.48400E-02,2.92589E+02,1.32219E+00
5.82000E+01,2.48400E-02,2.92492E+02,1.32064E+00
5.83000E+01,2.48400E-02,2.92298E+02,1.31756E+00
5.84000E+01,2.48400E-02,2.92007E+02,1.31293E+00
5.85000E+01,2.48400E-02,2.91812E+02,1.30984E+00
5.86000E+01,2.48400E-02,2.91715E+02,1.30830E+00
5.87000E+01,2.48400E-02,2.91617E+02,1.30675E+00
5.88000E+01,2.48400E-02,2.91423E+02,1.30368E+00
5.89000E+01,2.48400E-02,2.91227E+02,1.30059E+00
5.90000E+01,2.48400E-02,2.91031E+02,1.29750E+00
5.91000E+01,2.48400E-02,2.90933E+02,1.29596E+00
5.92000E+01,2.48400E-02,2.90836E+02,1.29443E+00
5.93000E+01,2.48400E-02,2.90737E+02,1.29288E+00
5.94000E+01,2.48400E-02,2.90639E+02,1.29135E+00
5.95000E+01,2.48400E-02,2.90344E+02,1.28672E+00
5.96000E+01,2.48400E-02,2.90344E+02,1.28673E+00
5.97000E+01,2.48400E-02,2.90048E+02,1.28210E+00
5.98000E+01,2.48400E-02,2.90049E+02,1.28210E+00
5.99000E+01,2.48400E-02,2.89950E+02,1.28057E+00
6.00000E+01,2.48400E-02,2.89553E+02,1.27439E+00
6.01000E+01,2.48400E-02,2.89554E+02,1.27440E+00
6.02000E+01,2.48400E-02,2.89455E+02,1.27286E+00
6.03000E+01,2.48400E-02,2.89256E+02,1.26978E+00
6.04000E+01,2.48400E-02,2.89157E+02,1.26824E+00
6.05000E+01,2.48400E-02,2.88858E+02,1.26362E+00
6.06000E+01,2.48400E-02,2.88858E+02,1.26362E+00
6.07000E+01,2.48400E-02,2.88658E+02,1.26054E+00
6.08000E+01,2.48400E-02,2.88558E+02,1.25900E+00
6.09000E+01,2.48400E-02,2.88459E+02,1.25746E+00
6.10000E+01,2.48400E-02,2.88258E+02,1.25437E+00
6.11000E+01,2.48400E-02,2.88056E+02,1.25129E+00
6.12000E+01,2.48400E-02,2.87856E+02,1.24821E+00
6.13000E+01,2.48400E-02,2.87754E+02,1.24666E+00
6.14000E+01,2.48400E-02,2.87654E+02,1.24512E+00
6.15000E+01,2.48400E-02,2.87451E+02,1.24203E+00
6.16000E+01,2.48400E-02,2.87451E+02,1.24203E+00
6.17000E+01,2.48400E-02,2.87249E+02,1.23894E+00
6.18000E+01,2.48400E-02,2.87147E+02,1.23739E+00
6.19000E+01,2.48400E-02,2.86944E+02,1.23431E+00
6.20000E+01,2.48400E-02,2.86638E+02,1.22967E+00
6.21000E+01,2.48400E-02,2.86536E+02,1.22812E+00
6.22000E+01,2.48400E-02,2.86433E+02,1.22657E+00
6.23000E+01,2.48400E-02,2.86228E+02,1.22347E+00
6.24000E+01,2.48400E-02,2.86126E+02,1.22193E+00
6.25000E+01,2.48400E-02,2.86023E+02,1.22038E+00
6.26000E+01,2.48400E-02,2.85817E+02,1.21728E+00
6.27000E+01,2.48400E-02,2.85714E+02,1.21573E+00
6.28000E+01,2.48400E-02,2.85610E+02,1.21417E+00
6.29000E+01,2.48400E-02,2.85507E+02,1.21262E+00
6.30000E+01,2.48400E-02,2.85197E+02,1.20798E+00
6.31000E+01,2.48400E-02,2.85196E+02,1.20796E+00
6.32000E+01,2.48400E-02,2.84988E+02,1.20486E+00
6.33000E+01,2.48400E-02,2.84987E+02,1.20485E+00
6.34000E+01,2.48400E-02,2.84986E+02,1.20484E+00
6.35000E+01,2.48400E-02,2.84779E+02,1.20174E+00
6.36000E+01,2.48400E-02,2.84778E+02,1.20173E+00
6.37000E+01,2.48400E-02,2.84569E+02,1.19862E+00
6.38000E+01,2.48400E-02,2.84568E+02,1.19861E+00
6.39000E+01,2.48400E-02,2.84359E+02,1.19550E+00
6.40000E+01,2.48400E-02,2.84150E+02,1.19240E+00
6.41000E+01,2.48400E-02,2.84149E+02,1.19239E+00
6.42000E+01,2.48400E-02,2.83940E+02,1.18929E+00
6.43000E+01,2.48400E-02,2.83834E+02,1.18773E+00
6.44000E+01,2.48400E-02,2.83834E+02,1.18772E+00
6.45000E+01,2.48400E-02,2.83623E+02,1.18461E+00
6.46000E+01,2.48400E-02,2.83518E+02,1.18306E+00
6.47000E+01,2.48400E-02,2.83412E+02,1.18150E+00
6.48000E+01,2.48400E-02,2.83411E+02,1.18149E+00
6.49000E+01,2.48400E-02,2.83305E+02,1.17993E+00
6.50000E+01,2.48400E-02,2.83094E+02,1.17683E+00
6.51000E+01,2.48400E-02,2.83094E+02,1.17682E+00
6.52000E+01,2.48400E-02,2.82882E+02,1.17372E+00
6.53000E+01,2.48400E-02,2.82777E+02,1.17218E+00
6.54000E+01,2.48400E-02,2.82565E+02,1.16908E+00
6.55000E+01,2.48400E-02,2.82564E+02,1.16907E+00
6.56000E+01,2.48400E-02,2.82458E+02,1.16753E+00
6.57000E+01,2.48400E-02,2.82458E+02,1.16752E+00
6.58000E+01,2.48400E-02,2.82246E+02,1.16443E+00
6.59000E+01,2.48400E-02,2.82246E+02,1.16442E+00
6.60000E+01,2.48400E-02,2.82034E+02,1.16134E+00
6.61000E+01,2.48400E-02,2.81927E+02,1.15978E+00
6.62000E+01,2.48400E-02,2.81820E+02,1.15824E+00
6.63000E+01,2.48400E-02,2.81607E+02,1.15515E+00
6.64000E+01,2.48400E-02,2.81607E+02,1.15515E+00
6.65000E+01,2.48400E-02,2.81394E+02,1.15207E+00
6.66000E+01,2.48400E-02,2.81394E+02,1.15207E+00
6.67000E+01,2.48400E-02,2.81287E+02,1.15052E+00
6.68000E+01,2.48400E-02,2.81180E+02,1.14898E+00
6.69000E+01,2.48400E-02,2.81180E+02,1.14898E+00
6.70000E+01,2.48400E-02,2.80966E+02,1.14589E+00
6.71000E+01,2.48400E-02,2.80859E+02,1.14436E+00
6.72000E+01,2.48400E-02,2.80752E+02,1.14282E+00
6.73000E+01,2.48400E-02,2.80645E+02,1.14127E+00
6.74000E+01,2.48400E-02,2.80753E+02,1.14283E+00
6.75000E+01,2.48400E-02,2.80431E+02,1.13820E+00
6.76000E+01,2.48400E-02,2.80431E+02,1.13821E+00
6.77000E+01,2.48400E-02,2.80323E+02,1.13667E+00
6.78000E+01,2.48400E-02,2.80324E+02,1.13668E+00
6.79000E+01,2.48400E-02,2.80325E+02,1.13669E+00
6.80000E+01,2.48400E-02,2.80218E+02,1.13515E+00
6.81000E+01,2.48400E-02,2.80218E+02,1.13516E+00
6.82000E+01,2.48400E-02,2.80111E+02,1.13363E+00
6.83000E+01,2.48400E-02,2.80004E+02,1.13210E+00
6.84000E+01,2.48400E-02,2.80113E+02,1.13366E+00
6.85000E+01,2.48400E-02,2.79897E+02,1.13058E+00
6.86000E+01,2.48400E-02,2.79898E+02,1.13059E+00
6.87000E+01,2.48400E-02,2.79791E+02,1.12906E+00
6.88000E+01,2.48400E-02,2.79792E+02,1.12908E+00
6.89000E+01,2.48400E-02,2.79684E+02,1.12754E+00
6.90000E+01,2.48400E-02,2.79577E+02,1.12601E+00
6.91000E+01,2.48400E-02,2.79686E+02,1.12757E+00
6.92000E+01,2.48400E-02,2.79578E+02,1.12604E+00
6.93000E+01,2.48400E-02,2.79471E+02,1.12451E+00
6.94000E+01,2.48400E-02,2.79472E+02,1.12453E+00
6.95000E+01,2.48400E-02,2.79255E+02,1.12145E+00
6.96000E+01,2.48400E-02,2.79256E+02,1.12146E+00
6.97000E+01,2.48400E-02,2.79148E+02,1.11993E+00
6.98000E+01,2.48400E-02,2.79040E+02,1.11840E+00
6.99000E+01,2.48400E-02,2.79041E+02,1.11841E+00
7.00000E+01,2.48400E-02,2.79042E+02,1.11842E+00
7.01000E+01,2.48400E-02,2.78934E+02,1.11690E+00
7.02000E+01,2.48400E-02,2.78934E+02,1.11691E+00
7.03000E+01,2.48400E-02,2.78826E+02,1.11538E+00
7.04000E+01,2.48400E-02,2.78717E+02,1.11384E+00
7.05000E+01,2.48400E-02,2.78499E+02,1.11077E+00
7.06000E+01,2.48400E-02,2.78390E+02,1.10923E+00
7.07000E+01,2.48400E-02,2.78391E+02,1.10924E+00
7.08000E+01,2.48400E-02,2.78282E+02,1.10771E+00
7.09000E+01,2.48400E-02,2.78392E+02,1.10926E+00
7.10000E+01,2.48400E-02,2.78173E+02,1.10619E+00
7.11000E+01,2.48400E-02,2.78174E+02,1.10619E+00
7.12000E+01,2.48400E-02,2.78064E+02,1.10465E+00
7.13000E+01,2.48400E-02,2.78064E+02,1.10466E+00
7.14000E+01,2.48400E-02,2.78065E+02,1.10466E+00
7.15000E+01,2.48400E-02,2.77955E+02,1.10312E+00
7.16000E+01,2.48400E-02,2.78065E+02,1.10467E+00
7.17000E+01,2.48400E-02,2.77955E+02,1.10313E+00
7.18000E+01,2.48400E-02,2.77955E+02,1.10313E+00
7.19000E+01,2.48400E-02,2.77845E+02,1.10159E+00
7.20000E+01,2.48400E-02,2.77734E+02,1.10004E+00
7.21000E+01,2.48400E-02,2.77734E+02,1.10003E+00
7.22000E+01,2.48400E-02,2.77734E+02,1.10003E+00
7.23000E+01,2.48400E-02,2.77734E+02,1.10003E+00
7.24000E+01,2.48400E-02,2.77733E+02,1.10002E+00
7.25000E+01,2.48400E-02,2.77512E+02,1.09693E+00
7.26000E+01,2.48400E-02,2.77622E+02,1.09847E+00
7.27000E+01,2.48400E-02,2.77511E+02,1.09692E+00
7.28000E+01,2.48400E-02,2.77511E+02,1.09691E+00
7.29000E+01,2.48400E-02,2.77510E+02,1.09690E+00
7.30000E+01,2.48400E-02,2.77509E+02,1.09689E+00
7.31000E+01,2.48400E-02,2.77509E+02,1.09688E+00
7.32000E+01,2.48400E-02,2.77397E+02,1.09532E+00
7.33000E+01,2.48400E-02,2.77396E+02,1.09531E+00
7.34000E+01,2.48400E-02,2.77284E+02,1.09376E+00
7.35000E+01,2.48400E-02,2.77173E+02,1.09220E+00
7.36000E+01,2.48400E-02,2.77172E+02,1.09219E+00
7.37000E+01,2.48400E-02,2.77282E+02,1.09372E+00
7.38000E+01,2.48400E-02,2.77058E+02,1.09061E+00
7.39000E+01,2.48400E-02,2.77057E+02,1.09060E+00
7.40000E+01,2.48400E-02,2.76945E+02,1.08904E+00
7.41000E+01,2.48400E-02,2.76944E+02,1.08903E+00
7.42000E+01,2.48400E-02,2.76943E+02,1.08901E+00
7.43000E+01,2.48400E-02,2.77053E+02,1.09053E+00
7.44000E+01,2.48400E-02,2.77051E+02,1.09052E+00
7.45000E+01,2.48400E-02,2.76939E+02,1.08896E+00
7.46000E+01,2.48400E-02,2.76938E+02,1.08894E+00
7.47000E+01,2.48400E-02,2.76826E+02,1.08738E+00
7.48000E+01,2.48400E-02,2.76824E+02,1.08736E+00
7.49000E+01,2.48400E-02,2.76711E+02,1.08580E+00
7.50000E+01,2.48400E-02,2.76599E+02,1.08424E+00
7.51000E+01,2.48400E-02,2.76597E+02,1.08422E+00
7.52000E+01,2.48400E-02,2.76596E+02,1.08420E+00
7.53000E+01,2.48400E-02,2.76595E+02,1.08418E+00
7.54000E+01,2.48400E-02,2.76593E+02,1.08416E+00
7.55000E+01,2.48400E-02,2.76480E+02,1.08260E+00
7.56000E+01,2.48400E-02,2.76591E+02,1.08413E+00
7.57000E+01,2.48400E-02,2.76589E+02,1.08411E+00
7.58000E+01,2.48400E-02,2.76588E+02,1.08409E+00
7.59000E+01,2.48400E-02,2.76587E+02,1.08407E+00
7.60000E+01,2.48400E-02,2.76474E+02,1.08251E+00
7.61000E+01,2.48400E-02,2.76360E+02,1.08094E+00
7.62000E+01,2.48400E-02,2.76471E+02,1.08248E+00
7.63000E+01,2.48400E-02,2.76582E+02,1.08400E+00
7.64000E+01,2.48400E-02,2.76692E+02,1.08553E+00
7.65000E+01,2.48400E-02,2.76579E+02,1.08397E+00
7.66000E+01,2.48400E-02,2.76689E+02,1.08549E+00
7.67000E+01,2.48400E-02,2.76577E+02,1.08394E+00
7.68000E+01,2.48400E-02,2.76352E+02,1.08083E+00
7.69000E+01,2.48400E-02,2.76351E+02,1.08082E+00
7.70000E+01,2.48400E-02,2.76238E+02,1.07926E+00
7.71000E+01,2.48400E-02,2.76349E+02,1.08079E+00
7.72000E+01,2.48400E-02,2.76348E+02,1.08077E+00
7.73000E+01,2.48400E-02,2.76347E+02,1.08076E+00
7.74000E+01,2.48400E-02,2.76458E+02,1.08230E+00
7.75000E+01,2.48400E-02,2.76345E+02,1.08074E+00
7.76000E+01,2.48400E-02,2.76121E+02,1.07764E+00
7.77000E+01,2.48400E-02,2.76120E+02,1.07763E+00
7.78000E+01,2.48400E-02,2.76120E+02,1.07762E+00
7.79000E+01,2.48400E-02,2.76342E+02,1.08069E+00
7.80000E+01,2.48400E-02,2.76230E+02,1.07914E+00
7.81000E+01,2.48400E-02,2.76341E+02,1.08068E+00
7.82000E+01,2.48400E-02,2.76229E+02,1.07913E+00
7.83000E+01,2.48400E-02,2.76116E+02,1.07758E+00
7.84000E+01,2.48400E-02,2.76116E+02,1.07757E+00
7.85000E+01,2.48400E-02,2.75891E+02,1.07447E+00
7.86000E+01,2.48400E-02,2.75890E+02,1.07447E+00
7.87000E+01,2.48400E-02,2.75890E+02,1.07446E+00
7.88000E+01,2.48400E-02,2.76002E+02,1.07600E+00
7.89000E+01,2.48400E-02,2.76114E+02,1.07754E+00
7.90000E+01,2.48400E-02,2.75889E+02,1.07445E+00
7.91000E+01,2.48400E-02,2.75889E+02,1.07444E+00
7.92000E+01,2.48400E-02,2.75776E+02,1.07290E+00
7.93000E+01,2.48400E-02,2.75776E+02,1.07290E+00
7.94000E+01,2.48400E-02,2.75776E+02,1.07289E+00
7.95000E+01,2.48400E-02,2.75888E+02,1.07443E+00
7.96000E+01,2.48400E-02,2.75888E+02,1.07443E+00
7.97000E+01,2.48400E-02,2.75887E+02,1.07443E+00
7.98000E+01,2.48400E-02,2.75999E+02,1.07597E+00
7.99000E+01,2.48400E-02,2.76112E+02,1.07751E+00
8.00000E+01,2.48400E-02,2.75887E+02,1.07442E+00
8.01000E+01,2.48400E-02,2.75887E+02,1.07442E+00
8.02000E+01,2.48400E-02,2.75662E+02,1.07133E+00
8.03000E+01,2.48400E-02,2.75662E+02,1.07133E+00
8.04000E+01,2.48400E-02,2.75887E+02,1.07442E+00
8.05000E+01,2.48400E-02,2.75775E+02,1.07288E+00
8.06000E+01,2.48400E-02,2.75775E+02,1.07288E+00
8.07000E+01,2.48400E-02,2.75775E+02,1.07288E+00
8.08000E+01,2.48400E-02,2.75775E+02,1.07288E+00
8.09000E+01,2.48400E-02,2.75887E+02,1.07442E+00
8.10000E+01,2.48400E-02,2.75775E+02,1.07288E+00
8.11000E+01,2.48400E-02,2.75775E+02,1.07288E+00
8.12000E+01,2.48400E-02,2.75775E+02,1.07288E+00
8.13000E+01,2.48400E-02,2.75775E+02,1.07288E+00
8.14000E+01,2.48400E-02,2.75887E+02,1.07442E+00
8.15000E+01,2.48400E-02,2.75661E+02,1.07132E+00
8.16000E+01,2.48400E-02,2.75661E+02,1.07132E+00
8.17000E+01,2.48400E-02,2.75661E+02,1.07132E+00
8.18000E+01,2.48400E-02,2.75661E+02,1.07132E+00
8.19000E+01,2.48400E-02,2.75661E+02,1.07132E+00
8.20000E+01,2.48400E-02,2.75549E+02,1.06978E+00
8.21000E+01,2.48400E-02,2.75436E+02,1.06823E+00
8.22000E+01,2.48400E-02,2.75436E+02,1.06823E+00
8.23000E+01,2.48400E-02,2.75436E+02,1.06823E+00
8.24000E+01,2.48400E-02,2.75435E+02,1.06823E+00
8.25000E+01,2.48400E-02,2.75435E+02,1.06822E+00
8.26000E+01,2.48400E-02,2.75435E+02,1.06822E+00
8.27000E+01,2.48400E-02,2.75435E+02,1.06822E+00
8.28000E+01,2.48400E-02,2.75434E+02,1.06821E+00
8.29000E+01,2.48400E-02,2.75434E+02,1.06821E+00
8.30000E+01,2.48400E-02,2.75434E+02,1.06820E+00
8.31000E+01,2.48400E-02,2.75546E+02,1.06974E+00
8.32000E+01,2.48400E-02,2.75546E+02,1.06974E+00
8.33000E+01,2.48400E-02,2.75658E+02,1.07127E+00
8.34000E+01,2.48400E-02,2.75545E+02,1.06973E+00
8.35000E+01,2.48400E-02,2.75432E+02,1.06818E+00
8.36000E+01,2.48400E-02,2.75319E+02,1.06663E+00
8.37000E+01,2.48400E-02,2.75206E+02,1.06508E+00
8.38000E+01,2.48400E-02,2.75318E+02,1.06662E+00
8.39000E+01,2.48400E-02,2.75318E+02,1.06661E+00
8.40000E+01,2.48400E-02,2.75317E+02,1.06661E+00
8.41000E+01,2.48400E-02,2.75430E+02,1.06816E+00
8.42000E+01,2.48400E-02,2.75204E+02,1.06506E+00
8.43000E+01,2.48400E-02,2.75204E+02,1.06506E+00
8.44000E+01,2.48400E-02,2.75203E+02,1.06505E+00
8.45000E+01,2.48400E-02,2.75203E+02,1.06505E+00
8.46000E+01,2.48400E-02,2.75203E+02,1.06504E+00
8.47000E+01,2.48400E-02,2.75315E+02,1.06658E+00
8.48000E+01,2.48400E-02,2.75428E+02,1.06813E+00
8.49000E+01,2.48400E-02,2.75540E+02,1.06966E+00
8.50000E+01,2.48400E-02,2.75428E+02,1.06812E+00
8.51000E+01,2.48400E-02,2.75314E+02,1.06657E+00
8.52000E+01,2.48400E-02,2.75314E+02,1.06656E+00
8.53000E+01,2.48400E-02,2.75201E+02,1.06502E+00
8.54000E+01,2.48400E-02,2.75201E+02,1.06502E+00
8.55000E+01,2.48400E-02,2.75201E+02,1.06501E+00
8.56000E+01,2.48400E-02,2.75200E+02,1.06501E+00
8.57000E+01,2.48400E-02,2.75200E+02,1.06501E+00
8.58000E+01,2.48400E-02,2.75200E+02,1.06501E+00
8.59000E+01,2.48400E-02,2.75200E+02,1.06500E+00
8.60000E+01,2.48400E-02,2.74973E+02,1.06191E+00
8.61000E+01,2.48400E-02,2.74973E+02,1.06191E+00
8.62000E+01,2.48400E-02,2.74973E+02,1.06191E+00
8.63000E+01,2.48400E-02,2.75087E+02,1.06346E+00
8.64000E+01,2.48400E-02,2.75199E+02,1.06500E+00
8.65000E+01,2.48400E-02,2.74973E+02,1.06190E+00
8.66000E+01,2.48400E-02,2.74973E+02,1.06190E+00
8.67000E+01,2.48400E-02,2.74860E+02,1.06036E+00
8.68000E+01,2.48400E-02,2.74746E+02,1.05882E+00
8.69000E+01,2.48400E-02,2.74746E+02,1.05882E+00
8.70000E+01,2.48400E-02,2.74746E+02,1.05882E+00
8.71000E+01,2.48400E-02,2.74746E+02,1.05882E+00
8.72000E+01,2.48400E-02,2.74746E+02,1.05882E+00
8.73000E+01,2.48400E-02,2.74746E+02,1.05882E+00
8.74000E+01,2.48400E-02,2.74859E+02,1.06036E+00
8.75000E+01,2.48400E-02,2.74746E+02,1.05882E+00
8.76000E+01,2.48400E-02,2.74746E+02,1.05882E+00
8.77000E+01,2.48400E-02,2.74632E+02,1.05727E+00
8.78000E+01,2.48400E-02,2.74519E+02,1.05572E+00
8.79000E+01,2.48400E-02,2.74632E+02,1.05726E+00
8.80000E+01,2.48400E-02,2.74632E+02,1.05726E+00
8.81000E+01,2.48400E-02,2.74746E+02,1.05881E+00
8.82000E+01,2.48400E-02,2.74746E+02,1.05881E+00
8.83000E+01,2.48400E-02,2.74746E+02,1.05881E+00
8.84000E+01,2.48400E-02,2.74746E+02,1.05881E+00
8.85000E+01,2.48400E-02,2.74632E+02,1.05726E+00
8.86000E+01,2.48400E-02,2.74632E+02,1.05726E+00
8.87000E+01,2.48400E-02,2.74632E+02,1.05726E+00
8.88000E+01,2.48400E-02,2.74632E+02,1.05726E+00
8.89000E+01,2.48400E-02,2.74746E+02,1.05881E+00
8.90000E+01,2.48400E-02,2.74746E+02,1.05881E+00
8.91000E+01,2.48400E-02,2.74746E+02,1.05881E+00
8.92000E+01,2.48400E-02,2.74746E+02,1.05881E+00
8.93000E+01,2.48400E-02,2.74632E+02,1.05726E+00
8.94000E+01,2.48400E-02,2.74518E+02,1.05572E+00
8.95000E+01,2.48400E-02,2.74518E+02,1.05572E+00
8.96000E+01,2.48400E-02,2.74632E+02,1.05726E+00
8.97000E+01,2.48400E-02,2.74632E+02,1.05726E+00
8.98000E+01,2.48400E-02,2.74632E+02,1.05726E+00
8.99000E+01,2.48400E-02,2.74632E+02,1.05726E+00
9.00000E+01,2.48400E-02,2.74632E+02,1.05726E+00
9.01000E+01,2.48400E-02,2.74519E+02,1.05572E+00
9.02000E+01,2.48400E-02,2.74291E+02,1.05263E+00
9.03000E+01,2.48400E-02,2.74177E+02,1.05109E+00
9.04000E+01,2.48400E-02,2.74063E+02,1.04955E+00
9.05000E+01,2.48400E-02,2.74063E+02,1.04956E+00
9.06000E+01,2.48400E-02,2.74291E+02,1.05264E+00
9.07000E+01,2.48400E-02,2.74291E+02,1.05264E+00
9.08000E+01,2.48400E-02,2.74177E+02,1.05110E+00
9.09000E+01,2.48400E-02,2.74063E+02,1.04956E+00
9.09090E+01,2.48400E-02,2.74290E+02,1.05263E+00
